{"id":"battle_deaths_per_100_000","name":"Battle deaths","unit":"per 100k people","cat":"Society","scale":"log","desc":"Battle deaths, age-adjusted mortality per 100 000 standard population.","src":"sg","years":[2002,2004],"data":{"afg":[36.08,9.451],"ago":[18.96,2.598],"alb":[0.1289,0.1304],"and":[0.0,0.0],"are":[0.0,0.0],"arg":[0.0,0.0],"arm":[0.1703,0.0],"atg":[0.0,0.0],"aus":[0.0,0.0],"aut":[0.0,0.0],"aze":[0.08199,0.0726],"bdi":[193.6,39.06],"bel":[0.0,0.0],"ben":[0.0,0.0],"bfa":[0.0,0.0],"bgd":[0.1804,0.1651],"bgr":[0.0,0.02859],"bhr":[0.0,0.0],"bhs":[0.0,0.0],"bih":[1.096,1.211],"blr":[0.0,0.0],"blz":[0.0,0.0],"bol":[0.0,0.0],"bra":[0.0,0.0],"brb":[0.0,0.0],"brn":[0.0,0.0],"btn":[0.0,0.0],"bwa":[0.0,0.0],"caf":[16.38,29.85],"can":[0.01298,0.0035],"che":[0.0,0.0],"chl":[0.0,0.0],"chn":[0.0,0.0],"civ":[32.25,24.19],"cmr":[0.0,0.0],"cod":[130.2,41.54],"cog":[52.6,0.0],"cok":[0.0,0.0],"col":[20.33,19.99],"com":[0.0,0.0],"cpv":[0.0,0.0],"cri":[0.0,0.0],"cub":[0.0,0.0],"cyp":[0.0,0.0],"cze":[0.0,0.0],"deu":[0.0,0.00043],"dji":[0.2024,0.1675],"dma":[0.0,0.0],"dnk":[0.0,0.02337],"dom":[0.0,0.0],"dza":[18.31,3.407],"ecu":[0.02477,0.02472],"egy":[0.0082,0.0],"eri":[2.306,1.649],"esp":[0.0,0.4407],"est":[0.2274,0.2217],"eth":[0.5906,0.5288],"fin":[0.0,0.0],"fji":[0.0,0.0],"fra":[0.0,0.0013],"fsm":[0.0,0.0],"gab":[0.0,0.0],"gbr":[0.0,0.07446],"geo":[0.8989,1.002],"gha":[0.0,0.0],"gin":[16.49,0.0],"gmb":[0.0,0.0],"gnb":[0.5956,0.0],"gnq":[0.0,0.0],"grc":[0.05581,0.0],"grd":[0.0,0.0],"gtm":[0.0,0.0],"guy":[0.0,0.0],"hnd":[0.0,0.0],"hrv":[0.2041,0.2059],"hti":[0.0,23.1],"hun":[0.00764,0.01098],"idn":[3.98,1.267],"ind":[0.5289,0.5059],"irl":[0.0,0.0],"irn":[0.1163,0.0],"irq":[10.1,252.0],"isl":[0.0,0.0],"isr":[6.957,1.863],"ita":[0.0,0.01505],"jam":[0.0,0.0],"jor":[0.07031,0.07056],"jpn":[0.0,0.0],"kaz":[0.0,0.0],"ken":[5.474,1.455],"kgz":[0.03277,0.04111],"khm":[1.605,1.127],"kir":[0.0,0.0],"kna":[0.0,0.0],"kor":[0.1104,0.1125],"kwt":[1.41,0.0],"lao":[1.359,1.356],"lbn":[5.963,5.454],"lbr":[91.81,90.9],"lby":[0.0,0.0],"lca":[0.0,0.0],"lka":[4.884,4.951],"lso":[0.0,0.0],"ltu":[0.0,0.0],"lux":[0.0,0.0],"lva":[0.06479,0.08522],"mar":[0.0,0.0],"mco":[0.0,0.0],"mda":[0.0,0.0],"mdg":[0.0,0.0],"mdv":[0.0,0.0],"mex":[0.0,0.0],"mhl":[0.0,0.0],"mkd":[38.5,38.81],"mli":[0.0,0.0],"mlt":[0.0,0.0],"mmr":[9.515,9.335],"mng":[0.0,0.0],"moz":[7.25,0.09352],"mrt":[0.09236,0.0881],"mus":[0.0,0.0],"mwi":[0.07093,0.06855],"mys":[0.0,0.0],"nam":[2.103,1.976],"ner":[0.06242,0.05134],"nga":[3.723,5.07],"nic":[0.1319,0.1195],"niu":[0.0,0.0],"nld":[0.0,0.02232],"nor":[0.0,0.0],"npl":[6.252,25.37],"nru":[0.0,0.0],"nzl":[0.0,0.0],"omn":[0.0,0.0],"pak":[4.297,3.984],"pan":[0.0,0.0],"per":[0.03056,0.0],"phl":[4.102,2.554],"plw":[0.0,0.0],"png":[0.0,0.0],"pol":[0.0,0.03756],"prk":[0.0,0.0],"prt":[0.0,0.0],"pry":[0.0,0.0],"qat":[0.0,0.0],"rou":[0.0,0.0],"rus":[11.76,5.434],"rwa":[9.035,8.164],"sau":[0.02884,0.7797],"scg":[0.6414,0.6487],"sdn":[57.91,102.8],"sen":[10.88,7.862],"sgp":[0.0,0.0],"slb":[0.0,0.0],"sle":[9.935,0.0],"slv":[0.2269,0.2233],"smr":[0.0,0.0],"som":[112.0,81.33],"stp":[0.0,0.0],"sur":[0.0,0.0],"svk":[0.0,0.05515],"svn":[0.0,0.0],"swe":[0.0,0.0],"swz":[0.0,0.0],"syc":[0.0,0.0],"syr":[0.0,0.0],"tcd":[2.033,2.227],"tgo":[0.0,0.0],"tha":[0.9882,0.9923],"tjk":[11.63,1.652],"tkm":[0.0,0.0],"tls":[0.0,0.0],"ton":[0.0,0.0],"tto":[0.0,0.0],"tun":[0.0,0.0],"tur":[0.1605,0.0],"tuv":[0.0,0.0],"tza":[0.4308,0.3992],"uga":[43.92,36.46],"ukr":[0.04015,0.0412],"ury":[0.0,0.0],"usa":[0.01494,0.3377],"uzb":[0.1746,0.1663],"vct":[0.0,0.0],"ven":[0.0,0.0],"vnm":[0.04022,0.03751],"vut":[0.0,0.0],"wsm":[0.0,0.0],"yem":[0.07451,3.603],"zaf":[0.00501,0.0107],"zmb":[0.04455,0.04196],"zwe":[33.8,0.5096]}}